name,generation_time,inputs_amount,outputs_amount,gates_amount,const_amount
madd_i144_o96,67.46004969200294,144,96,38407,0
sad_i360_o74,33.645562579004036,360,74,16394,0
madd_i120_o80,44.06424817899824,120,80,26702,0
mul_i80_o80,39.70339427100407,80,80,25839,0
abs_diff_i176_o88,5.827019789998303,176,88,3221,0
mul_i60_o60,20.87847682100255,60,60,14549,0
adder_i192_o97,3.248731740997755,192,97,1767,0
sad_i480_o98,52.538021129999834,480,98,21271,0
adder_i128_o65,2.0464635719981743,128,65,1174,0
adder_i104_o53,1.6046850650018314,104,53,929,0
madd_i132_o88,55.5336066489981,132,88,32413,0
mul_i64_o64,23.77919172199472,64,64,16503,0
adder_i112_o57,1.589564233996498,112,57,981,0
mul_i52_o52,14.739006458999938,52,52,10790,0
madd_i78_o52,16.7656544509955,78,52,11317,0
abs_diff_i104_o52,2.9809063439970487,104,52,1902,0
madd_i90_o60,23.002849673001037,90,60,15168,0
abs_diff_i160_o80,5.011813413999334,160,80,2878,0
sad_i440_o90,45.41035061000002,440,90,19633,0
mul_i96_o96,61.20938166000269,96,96,37405,0
abs_diff_i192_o96,6.486077638997813,192,96,3592,0
sad_i400_o82,39.30019897000602,400,82,18095,0
mul_i72_o72,31.13445723800396,72,72,20933,0
madd_i96_o64,26.56337121999968,96,64,17197,0
abs_diff_i112_o56,3.1639685990012367,112,56,2096,0
adder_i144_o73,2.2503168220064254,144,73,1328,0
abs_diff_i128_o64,3.695574258999841,128,64,2266,0
sad_i320_o66,27.465402961999644,320,66,13817,0
adder_i120_o61,1.718024289002642,120,61,1071,0
mul_i56_o56,18.193384418002097,56,56,12533,0
sad_i280_o58,23.124127508999663,280,58,12490,0
adder_i160_o81,2.505992430000333,160,81,1471,0
abs_diff_i144_o72,4.398776753005222,144,72,2616,0
abs_diff_i120_o60,3.4147007950014086,120,60,2161,0
adder_i176_o89,2.877620377999847,176,89,1612,0
madd_i84_o56,19.877868095005397,84,56,13193,0
madd_i108_o72,33.81851057699532,108,72,21670,0
sad_i260_o54,20.748484454998106,260,54,11365,0
sad_i300_o62,25.589090838999255,300,62,13258,0
mul_i88_o88,50.186529443002655,88,88,31492,0
