name,generation_time,inputs_amount,outputs_amount,AND_gates_amount,NOT_gates_amount,const_amount
mul_i160_o160,82.9464326060006,160,160,52004,64919,1
abs_diff_i256_o128,4.527873631999682,256,128,2312,3243,1
adder_i256_o129,2.2321440010018705,256,129,1162,1685,1
sad_i640_o130,25.653902342997753,640,130,14569,20722,1
madd_i240_o160,87.46250868599964,240,160,52804,66052,1
adder_i288_o145,2.544578360997548,288,145,1325,1893,1
abs_diff_i320_o160,6.0025661469990155,320,160,2930,4122,1
adder_i240_o121,2.1451561249996303,240,121,1020,1560,1
sad_i600_o122,27.018566145001387,600,122,13752,19943,1
madd_i192_o128,54.51856400500037,192,128,34107,42660,1
madd_i216_o144,69.81116027700045,216,144,43016,53764,1
sad_i720_o146,31.021395152001787,720,146,16676,23963,1
mul_i128_o128,53.22971451099875,128,128,33409,41692,1
mul_i144_o144,67.98642181399919,144,144,42268,52729,1
abs_diff_i288_o144,5.12513355199917,288,144,2648,3732,1
