mul_i8_o8_1752580006_0.v,None_E,177.8647,6.034609396011e-05,0.528864502907,12,EncodingType.Z3_FUNC_BITVECTOR,-1,2.3950016498565674
mul_i8_o8_1752580044_0.v,None_E,141.7286,6.348331226036e-05,0.511752903461,12,EncodingType.Z3_FUNC_BITVECTOR,-1,2.705014705657959
mul_i8_o8_1752580094_0.v,None_E,129.5268,5.424154005595e-05,0.44609478116,12,EncodingType.Z3_FUNC_BITVECTOR,-1,1.8585796356201172
mul_i8_o8_1752580131_0.v,None_E,124.3645,4.839945177082e-05,0.511548101902,24,EncodingType.Z3_FUNC_BITVECTOR,-1,1.6017439365386963
mul_i8_o8_1752580166_0.v,None_E,126.711,5.460057218443e-05,0.489394694567,24,EncodingType.Z3_FUNC_BITVECTOR,-1,1.4183955192565918
mul_i8_o8_1752580194_0.v,None_E,113.5706,5.000366218155e-05,0.479097008705,36,EncodingType.Z3_FUNC_BITVECTOR,-1,1.418436050415039
mul_i8_o8_1752580266_0.v,None_E,92.4521,3.917545109289e-05,0.348704963923,36,EncodingType.Z3_FUNC_BITVECTOR,-1,1.3384099006652832
mul_i8_o8_1752580299_0.v,None_E,90.1056,3.836665928247e-05,0.314659148455,36,EncodingType.Z3_FUNC_BITVECTOR,-1,0.9520866870880127
mul_i8_o8_1752580380_0.v,None_E,86.8205,4.175274807494e-05,0.219145402312,48,EncodingType.Z3_FUNC_BITVECTOR,-1,1.3141858577728271
mul_i8_o8_1752580422_0.v,None_E,87.2898,4.343792170403e-05,0.254973649979,48,EncodingType.Z3_FUNC_BITVECTOR,-1,0.960350751876831
mul_i8_o8_1752580451_0.v,None_E,79.781,4.197509042569e-05,0.20158213377,60,EncodingType.Z3_FUNC_BITVECTOR,-1,0.7709181308746338
mul_i8_o8_1752580479_0.v,None_E,69.9257,3.731761535164e-05,0.153568476439,72,EncodingType.Z3_FUNC_BITVECTOR,-1,1.0333774089813232
